Vardenis1,Pavardenis1,v1.p1@example.org,+6454454354354
Vardenis2,Pavardenis2,v2.p2@example.org,+23546436354
Vardenis3,Pavardenis3,v3.p3@example.org,+989654354
Vardenis4,Pavardenis4,v4.p4@example.org,+645445345344
Vardenis5,Pavardenis5,v5.p5@example.org,+645445345344
Vardenis6,Pavardenis6,v6.p6@example.org,+645445345344
Vardenis7,Pavardenis7,v7.p7@example.org,+645445345344
Vardenis8,Pavardenis8,v8.p8@example.org,+645445345344
Vardenis9,Pavardenis9,v9.p9@example.org,+645445345344
Vardenis10,Pavardenis10,v10.p10@example.org,+645445345344
